{
    "loss": 1.6697773933410645,
    "accuracy": 0.8275862336158752
}